recipe,machine_step,field,parsed_value,machine_value,match,run,reader,read_at,unit,note,quantity,method,verification,core_run_id,sample_id
RCP-DEMO-01,1,Step type,,,,1,demo,2026-01-07T10:00:00,,,,,,DEMO-T1-LDW-0001,DEMO-T1-01
RCP-DEMO-01,1,Process time sec.,10.0,10.0,,1,demo,2026-01-07T10:00:00,,,,,,DEMO-T1-LDW-0001,DEMO-T1-01
RCP-DEMO-01,1,MFC1,,,,1,demo,2026-01-07T10:00:00,,,,,,DEMO-T1-LDW-0001,DEMO-T1-01
RCP-DEMO-01,1,MFC1 Ramp,,,,1,demo,2026-01-07T10:00:00,,,,,,DEMO-T1-LDW-0001,DEMO-T1-01
RCP-DEMO-01,1,RF Power,,,,1,demo,2026-01-07T10:00:00,,,,,,DEMO-T1-LDW-0001,DEMO-T1-01
RCP-DEMO-01,1,APC Press,,,,1,demo,2026-01-07T10:00:00,,,,,,DEMO-T1-LDW-0001,DEMO-T1-01
RCP-DEMO-01,2,Step type,,,,1,demo,2026-01-07T10:00:00,,,,,,DEMO-T1-LDW-0001,DEMO-T1-01
RCP-DEMO-01,2,Process time sec.,10.0,12.0,,1,demo,2026-01-07T10:00:00,,,,,,DEMO-T1-LDW-0001,DEMO-T1-01
RCP-DEMO-01,2,MFC1,,,,1,demo,2026-01-07T10:00:00,,,,,,DEMO-T1-LDW-0001,DEMO-T1-01
RCP-DEMO-01,2,MFC1 Ramp,,,,1,demo,2026-01-07T10:00:00,,,,,,DEMO-T1-LDW-0001,DEMO-T1-01
RCP-DEMO-01,2,RF Power,,,,1,demo,2026-01-07T10:00:00,,,,,,DEMO-T1-LDW-0001,DEMO-T1-01
RCP-DEMO-01,2,APC Press,,,,1,demo,2026-01-07T10:00:00,,,,,,DEMO-T1-LDW-0001,DEMO-T1-01
RCP-DEMO-01,3,Step type,,,,1,demo,2026-01-07T10:00:00,,,,,,DEMO-T1-LDW-0001,DEMO-T1-01
RCP-DEMO-01,3,Process time sec.,10.0,12.0,,1,demo,2026-01-07T10:00:00,,,,,,DEMO-T1-LDW-0001,DEMO-T1-01
RCP-DEMO-01,3,MFC1,,,,1,demo,2026-01-07T10:00:00,,,,,,DEMO-T1-LDW-0001,DEMO-T1-01
RCP-DEMO-01,3,MFC1 Ramp,,,,1,demo,2026-01-07T10:00:00,,,,,,DEMO-T1-LDW-0001,DEMO-T1-01
RCP-DEMO-01,3,RF Power,,,,1,demo,2026-01-07T10:00:00,,,,,,DEMO-T1-LDW-0001,DEMO-T1-01
RCP-DEMO-01,3,APC Press,,,,1,demo,2026-01-07T10:00:00,,,,,,DEMO-T1-LDW-0001,DEMO-T1-01
RCP-DEMO-01,循环,Loop1 区间,1-3,,,1,demo,2026-01-07T10:00:00,,,,,,DEMO-T1-LDW-0001,DEMO-T1-01
RCP-DEMO-01,循环,Loop1 次数,5,,,1,demo,2026-01-07T10:00:00,,,,,,DEMO-T1-LDW-0001,DEMO-T1-01
RCP-DEMO-01,结果,刻蚀深度 Δd,,205,,1,demo,2026-01-07T10:00:00,nm,demo,depth_center_nm,SEM读图,未核实,DEMO-T1-LDW-0001,DEMO-T1-01
RCP-DEMO-01,结果,刻蚀后 CD,,498,,1,demo,2026-01-07T10:00:00,nm,demo,final_cd_nm,SEM读图,未核实,DEMO-T1-LDW-0001,DEMO-T1-01
RCP-DEMO-01,图片,DEMO_run01_SEM_top01.png,,,,1,demo,2026-01-07T10:00:00,SEM_top,IMG_0001.png,,,,DEMO-T1-LDW-0001,DEMO-T1-01
RCP-DEMO-01,图片,DEMO_run01_SEM_cross01.png,,,,1,demo,2026-01-07T10:00:00,SEM_cross,IMG_0002.png,,,,DEMO-T1-LDW-0001,DEMO-T1-01
